Basudeb Acharia@achariabasudeb.jpg
Lal Krishna Advani@advanilalkrishna.jpg
Ramesh Bais@baisramesh.jpg
Gajendra Singh Rajukhedi@rajukhedigajendrasingh.jpg
Bansa Gopal Chowdhury@chowdhurybansagopal.jpg
Tufani Saroj@sarojtufani.jpg
Francisco Sardinha@sardinhafrancisco.jpg
Arun Subhashchandra Yadav@yadavarunsubhashchandra.jpg
Deepender Singh Hooda@hoodadeependersingh.jpg
Pakauri Lal@lalpakauri.jpg
Priya Sunil Dutt@duttriyasunil.jpg
Ashok Argal@argalashok.jpg
Thiru Thalikkottai Rajuthevar Baalu@baaluthiruthalikkottairajuthevar.jpg
Vishwa Mohan Kumar@kumarvishwamohan.jpg
Vitthalbhai Hansrajbhai Radadiya@radadiyahaivitthalbhaihansrajbhai.jpg
Bharatsinh Madhavsinh Solanki@solankibharatsinhmadhavsinh.jpg
(Smt.) Jhansi Lakshmi Botcha @botchamtjhansilakshmi.jpg
Harish Rawat@rawatharish.jpg
Yashodhara Raje Scindia@scindiaashodhararaje.jpg
Sriprakash Jaiswal@jaiswalsriprakash.jpg
E. Ahamed@ahamede.jpg
Haribhau Madhav Jawale@jawaleharibhaumadhav.jpg
Shailendra Kumar@kumarshailendra.jpg
Adhi Sankar@adhisankar.jpg
Tarachand Bhagora@bhagoratarachand.jpg
Kantilal Bhuria@bhuriakantilal.jpg
Pawan Kumar Bansal@bansalpawankumar.jpg
Sushila Saroj@sarojushila.jpg
Kirti (Jha) Azad@azadkirtijha.jpg
Raj Babbar@babbarraj.jpg
Yogi Adityanath @adityanathyogi.jpg
Kishanbhai Vestabhai Patel@patelkishanbhaivestabhai.jpg
Abu Hasem Khan Choudhury@choudhuryabuhasemkhan.jpg
Anandrao Adsul@adsulanandrao.jpg
Raja Ram Pal@palrajaram.jpg
Babu Lal Marandi@patellalubhaibabubhai.jpg
Bhismshankar Alias Kushal Tiwari @tiwaribhismshankaraliaskushal.jpg
Mansukhbhai D. Vasava@vasavamansukhbhaid.jpg
Abdul Mannan Hossain@hossainabdulmannan.jpg
Mulayam Singh Yadav@yadavmulayamsingh.jpg
H.D. Devegowda@devegowdahd.jpg
Dip Gogoi@gogoidip.jpg
Sohan Potai@potaisohan.jpg
Bali Ram@baliramdr.jpg
Anurag Singh Thakur@thakuranuragsingh.jpg
Hassan Khan@khanhassan.jpg
M. Vijaya Shanthi@vijayanaks.jpg
Murarilal Singh@singhmurarilal.jpg
Hari Manjhi@manjhihari.jpg
S.S. Palanimanickam@palanimanickamss.jpg
Ravindra Kumar Pandey@pandeyravindrakumar.jpg
Choudhury Mohan Jatua@jatuachoudhurymohan.jpg
Ramesh Kumar@kumarramesh.jpg
Dr.(Shri) M. Veerappa Moily@moilyhrimveerappa.jpg
Sultan Ahmed@ahmedsultan.jpg
Ponnusamy Venugopal@venugopalonnusamy.jpg
K. alias J.K. Ritheesh Shivakumar @shivakumarkaliasjkritheesh.jpg
M. B. Rajesh@rajeshmb.jpg
Sharifuddin Shariq@shariqsharifuddin.jpg
Dinsha J. Patel@pateldinshaj.jpg
Harin Pathak@pathakharin.jpg
Baliram Sukur Jadhav @jadhavbaliramsukur.jpg
Lalchand Kataria@katarialalchand.jpg
Sukhdev Singh Libra@librasukhdevsingh.jpg
Sharad Yadav@yadavsharad.jpg
Pratik Prakashbapu Patil@patilpratikprakashbapu.jpg
Chandresh Kumari Katoch@katochhandreshkumari.jpg
Ananth Kumar@ananthkumar.jpg
Sharad Chandra Govindrao Pawar@pawarsharadchandragovindrao.jpg
Preneet Kaur@kaurreneet.jpg
Andimuthu Raja@rajaandimuthu.jpg
Usha Verma@vermasha.jpg
Jyotiraditya Madhavrao Scindia@scindiajyotiradityamadhavrao.jpg
Ajit Singh@singhajit.jpg
Arjun Charan Sethi@sethiarjuncharan.jpg
Sushil Kumar Sambhajirao Shinde@shindesushilkumarsambhajirao.jpg
Brijbhushan Sharan Singh@singhbrijbhushansharan.jpg
Sudip Bandyopadhyay@bandyopadhyaysudip.jpg
Gangasandra Siddappa Basavaraj@basavarajgangasandrasiddappa.jpg
Uday Singh@singhuday.jpg
Avtar Singh Bhadana@bhadanaavtarsingh.jpg
Dinesh Chandra Yadav@yadavdineshchandra.jpg
Sumitra Mahajan@mahajanumitra.jpg
Ramakant Yadav@yadavramakant.jpg
Palaniappan Chidambaram@chidambarampalaniappan.jpg
Charan Das Mahant@mahantharandas.jpg
Haribhai Parthibhai Chaudhary@chaudharyharibhaiparthibhai.jpg
Ram Chandra Dome@domeamchandra.jpg
Dilip Kumar Mansukhlal Gandhi@gandhidilipkumarmansukhlal.jpg
Paban Singh Ghatowar@ghatowarpabansingh.jpg
Rajen Gohain@gohainrajen.jpg
Bijoya Chakravarty@chakravartyijoya.jpg
S. Jagathrakshakan@jagathrakshakans.jpg
Ramesh Chandappa Jigajinagi@jigajinagirameshchandappa.jpg
M. Jagannath@jagannath.jpg
Sonia Gandhi@gandhionia.jpg
Manikrao Hodlya Gavit@gavitmanikraohodlya.jpg
Maneka Sanjay Gandhi@gandhianekasanjay.jpg
Chandrakant Bhaurao Khaire@khairechandrakantbhaurao.jpg
Anant Gangaram Geete@geeteanantgangaram.jpg
Ms. Bhavana Gawali (Patil)@gawalipatilmsbhavana.jpg
Khagen Das@daskhagen.jpg
Raosaheb Patil Danve@danveraosahebpatil.jpg
Syed Shahnawaz Hussain@hussainsyedshahnawaz.jpg
Bijoy Krishna Handique@handiquebijoykrishna.jpg
Ram Singh Kaswan@kaswanramsingh.jpg
Suresh Chanabasappa Angadi@angadisureshchanabasappa.jpg
Murli Manohar Joshi@joshiurlimanohar.jpg
Pralhad Venkatesh Joshi@joshipralhadvenkatesh.jpg
Tushar Amarsinh Chaudhary@chaudharyusharamarsinh.jpg
Bhartruhari Mahtab@mahtabbhartruhari.jpg
Prabodh Panda@pandaprabodh.jpg
R.K. Singh Patel@patelrksingh.jpg
Jitender Singh Malik@malikjitendersingh.jpg
Prabhunath Singh@singhprabhunath.jpg
(Smt.) Kruparani Killi@killimtkruparani.jpg
(Dr.) Mirza Mehboob Beg@begirzamehboob.jpg
Radha Mohan Singh@singhradhamohan.jpg
Rajkumari Ratna Singh@singhrajkumariratna.jpg
Yashwant Sinha@null.jpg
Shibu Soren@sorenshibu.jpg
Padmasinha Bajirao Patil @patiladmasinhabajirao.jpg
Suvendu Adhikari@adhikarisuvendu.jpg
Bhoopendra Singh@singhbhoopendra.jpg
Beni Prasad Verma@vermabeniprasad.jpg
Kapil Sibal@sibalkapil.jpg
Raghuvansh Prasad Singh@singhaghuvanshprasad.jpg
Thiru Danapal Venugopal@venugopalthirudanapal.jpg
A.K.S. Vijayan@vijayanaks.jpg
Virendra Kumar@virendrakumardr.jpg
Ashok Kumar Rawat@rawatashokkumar.jpg
K.C. Singh Baba@babakcsingh.jpg
Dr.(Kum.) Girija Vyas@vyasumgirija.jpg
Kotla Jaya Surya Prakash Reddy@reddykotlajayasuryaprakash.jpg
Madhu Goud Yaskhi@yaskhimadhugoud.jpg
Prof. Sk. Saidul Haque@haqueprofsksaidul.jpg
Jeetendra Singh Bundela@bundelajeetendrasingh.jpg
Deoraj Singh Patel@pateldeorajsingh.jpg
Govind Prasad Mishra@mishragovindprasad.jpg
Jyoti Dhurve@dhurveyoti.jpg
Devidhan Besra@besradevidhan.jpg
R. Thamaraiselvan@thamaraiselvanr.jpg
P. Kumar@kumarp.jpg
Kumbakudi Sudhakaran@sudhakarankumbakudi.jpg
Parayamparanbil Kuttappan Biju@bijuparayamparanbilkuttappan.jpg
Anantha Venkatarami Reddy@reddyananthavenkatarami.jpg
Shafiqur Rahman Barq@barqshafiqurrahman.jpg
Viswanathan Perumal@perumalviswanathan.jpg
K. Murugesan Anandan@anandankmurugesan.jpg
M. K. Alagiri@alagirimk.jpg
Thirumaa Valavan Thol@tholthirumaavalavan.jpg
P. Lingam@lingamp.jpg
M. K. Raghavan@raghavanmk.jpg
K. P. Dhanapalan@dhanapalankp.jpg
Eknath Mahadeo Gaikwad@gaikwadeknathmahadeo.jpg
P. Karunakaran@karunakaranp.jpg
Rakesh Singh@singhrakesh.jpg
S. Gandhiselvan@gandhiselvans.jpg
S.S. Ramasubbu@ramasubbuss.jpg
M. I. Shanavas@shanavasmi.jpg
Milind Murli Deora@deoramilindmurli.jpg
Dinubhai Boghabhai Solanki @solankidinubhaiboghabhai.jpg
Chandrakant Raghunath Patil@patilchandrakantraghunath.jpg
Kalyan Banerjee@banerjeekalyan.jpg
Rajagopal Lagadapati@lagadapatirajagopal.jpg
Madan Lal Sharma@sharmamadanlal.jpg
K. D. Deshmukh@deshmukhkd.jpg
Sakti Mohan Malik@maliksaktimohan.jpg
Shivraj Singh Lodhi@lodhishivrajsingh.jpg
Sansuma Khunggur Bwiswmuthiary@bwiswmuthiarysansumakhunggur.jpg
Kuldeep Bishnoi@bishnoikuldeep.jpg
Ingrid Mcleod@mcleodngrid.jpg
Rahul Gandhi@gandhirahul.jpg
Mahendra Kumar Roy@roymahendrakumar.jpg
Deepa Dasmunsi@dasmunsieepa.jpg
Annu Tandon@tandonnnu.jpg
Kabir Suman@sumankabir.jpg
Mallikarjun Kharge@khargemallikarjun.jpg
Hansraj Gangaram Ahir@ahirhansrajgangaram.jpg
Sandeep Dikshit@dikshitsandeep.jpg
Susmita Bauri@bauriusmita.jpg
Paramjit Kaur Gulshan@gulshanaramjitkaur.jpg
Shivaji Adhalrao Patil@adhalraopatilshivaji.jpg
Arvind Kumar Sharma@sharmarvindkumar.jpg
Monazir Hassan@hassanonazir.jpg
Sucharu Ranjan Haldar@haldarucharuranjan.jpg
Thiru Dayanidhi Maran@maranthirudayanidhi.jpg
Asaduddin Owaisi@owaisiasaduddin.jpg
Lakshmi Panabaka@panabakaakshmi.jpg
Rattan Singh Ajnala@ajnalaattansingh.jpg
Sameer Magan Bhujbal@bhujbalsameermagan.jpg
Lalit Mohan Suklabaidya@suklabaidyalalitmohan.jpg
Jaswant Singh@singhjaswant.jpg
Sanjay Shamrao Dhotre@dhotresanjayshamrao.jpg
Sambandam Keerapalayam Alagiri@alagirisambandamkeerapalayam.jpg
Kirit Premjibhai Solanki@solankiiritpremjibhai.jpg
Abdul Rahman@abdulrahman.jpg
Parvatagouda Chandanagouda Gaddigoudar@gaddigoudarparvatagoudachandanagouda.jpg
Sanjay Jaiswal@jaiswalanjay.jpg
Thokchom Meinya@meinyahokchom.jpg
Chinta Mohan@chintamohandr.jpg
Daggubati Purandeswari@purandeswariaggubati.jpg
S. Pakkirappa@pakkirappas.jpg
Raju alias Devappa Anna Shetti @shettirajualiasdevappaanna.jpg
Mahadeo Singh Khandela@khandelamahadeosingh.jpg
Mahesh Joshi@joshiahesh.jpg
(Smt.) Jyoti Mirdha@mirdhamtjyoti.jpg
Hemanand Biswal@biswalhemanand.jpg
 Davidson J. Helen@helenavidsonj.jpg
Janardhana Swamy@swamyjanardhana.jpg
Sudarshan Bhagat@bhagatsudarshan.jpg
Prem Das Rai@raipremdas.jpg
Baijayant Jay Panda@pandaprabodh.jpg
Maheshwar Hazari@hazarimaheshwar.jpg
Balkrishna Khanderao Shukla @shuklabalkrishnakhanderao.jpg
Darshana Vikram Jardosh@jardosharshanavikram.jpg
Mangani Lal Mandal@mandalmanganilal.jpg
Bhola Singh@singhhola.jpg
Prasanta Kumar Majumdar@majumdarprasantakumar.jpg
C. Rajendran@rajendranc.jpg
C. Sivasami@sivasamic.jpg
Tarun Mandal@mandalarun.jpg
Ramesh Rathod@rathodramesh.jpg
V. Kishore Chandra Deo@deovkishorechandra.jpg
Kumari Selja@seljakumari.jpg
Pinaki Misra@misrapinaki.jpg
Satpal Maharaj@maharajsatpal.jpg
Yashvir Singh@singhyashvir.jpg
Prof.(Dr.) Ram Shankar@ramshankarprofdr.jpg
P.L. Punia@puniapl.jpg
Ramashankar Rajbhar@rajbharramashankar.jpg
Gorakh Prasad Jaiswal@jaiswalgorakhprasad.jpg
Subhash Bapurao Wankhede@wankhedesubhashbapurao.jpg
Virender Kashyap@kashyapvirender.jpg
Ratan Singh@singhratan.jpg
Kalyan Singh@singhkalyan.jpg
 Prof. Ranjan Prasad Yadav@yadavprofranjanprasad.jpg
Jagdish Sharma@ranajagdishsingh.jpg
Praveen Singh. Aron@aronpraveensingh.jpg
Bhaskarrao Bapurao Patil@patilbhaskarraobapurao.jpg
S.P.Y. Reddy@reddyspy.jpg
Ganesh Singh@singhganesh.jpg
Biren Singh Engti@engtibirensingh.jpg
Somabhai Gandalal Koli Patel@patelsomabhaigandalalkoli.jpg
J.M. Aaroon Rasheed@aaroonrasheedjm.jpg
E.G. Sugavanam@sugavanameg.jpg
Hamdullah Sayeed@sayeedhamdullah.jpg
Tapas Paul@paultapas.jpg
Vincent H Pala@palavincenth.jpg
Dushyant Singh@singhdushyant.jpg
Mohan Jena@jenamohan.jpg
Km. Saroj Pandey@pandeykmsaroj.jpg
G.V. Harsha Kumar@harshakumargv.jpg
Prabhatsinh Pratapsinh Chauhan@chauhanprabhatsinhpratapsinh.jpg
Baidyanath Prasad Mahto@mahtobaidyanathprasad.jpg
Ajay Maken@makenajay.jpg
Harsh Vardhan@vardhanharsh.jpg
A. Ganeshamurthi@ganeshamurthia.jpg
Mithlesh Kumar@mithleshkumar.jpg
Mukul Balkrishna Wasnik@wasnikmukulbalkrishna.jpg
P.C. Chacko@chackopc.jpg
Sanjay Singh Chauhan@chauhansanjaysingh.jpg
Madhu Kora@koramadhu.jpg
Bhudeo Choudhary@choudharybhudeo.jpg
Shivaramagouda@shivaramagouda.jpg
Sanjay Dina Patil@patilsanjaydina.jpg
Bharat Ram Meghwal@meghwalbharatram.jpg
Arjun Ram Meghwal@meghwalarjunram.jpg
Jitendra Singh@singhjitendra.jpg
Khiladi Lal Bairwa@bairwakhiladilal.jpg
Adagooru Huchegowda Vishwanath@vishwanathadagooruhuchegowda.jpg
Vikrambhai Arjanbhai Maadam@maadamvikrambhaiarjanbhai.jpg
Kavuri Samba Siva Rao@raoavurisambasiva.jpg
Mekapati Rajamohan Reddy@reddymekapatirajamohan.jpg
Om Prakash Yadav@yadavomprakash.jpg
Sisir Kumar Adhikari @adhikarisisirkumar.jpg
Anup Kumar Saha@sahanupkumar.jpg
Basori Singh Masram@masrambasorisingh.jpg
Modugula Venugopala Reddy@reddymodugulavenugopala.jpg
Jitin Prasada@prasadajitin.jpg
Sushil Kumar Singh@singhsushilkumar.jpg
Sushma Swaraj@swarajushma.jpg
Srikant Kumar Jena@jenasrikantkumar.jpg
Praful Manoharbhai Patel@patelprafulmanoharbhai.jpg
Begum Tabassum Hasan@hasanbegumtabassum.jpg
Mohammed Azharuddin@azharuddinmohammed.jpg
Kamlesh Balmiki@balmikikamlesh.jpg
Sarika Devendra Singh Baghel@baghelarikadevendrasingh.jpg
Seema Upadhyay@upadhyayeema.jpg
Kapil Muni Karwariya@karwariyakapilmuni.jpg
Rakesh Pandey@pandeyrakesh.jpg
Kamlesh Paswan@paswankamlesh.jpg
Dara Singh Chauhan@chauhandarasingh.jpg
Dhananjay Singh@singhdhananjay.jpg
Gurudas Kamat@kamatgurudas.jpg
Chandu Lal Sahu@sahuchandulal.jpg
Lalubhai Babubhai Patel@patellalubhaibabubhai.jpg
Tathagata Satpathy@satpathytathagata.jpg
Farooq Abdullah@abdullaharooq.jpg
Anirudhan Sampath@sampathanirudhan.jpg
Chandre D.B. Gowda@gowdachandredb.jpg
Lal Ji Tandon@tandonlalji.jpg
Vijay Bahadur Singh@singhvijaybahadur.jpg
Gaddam Vivekanand@vivekanandaddam.jpg
Sabbam Hari@harisabbam.jpg
Pradeep Tamta@tamtapradeep.jpg
Gopinath Pandurang Munde @mundegopinathpandurang.jpg
Udayanraje Pratapsingh Bhonsle@bhonsleudayanrajepratapsingh.jpg
Feroze Varun Gandhi@gandhiferozevarun.jpg
Ghanshyam Anuragi@anuragighanshyam.jpg
Jayawant Gangaram Awale @awalejayawantgangaram.jpg
Supriya Sadanand Sule@suleupriyasadanand.jpg
Badri Ram Jakhar@jakharbadriram.jpg
Kunwarjibhai Mohanbhai Bavaliya@bavaliyakunwarjibhaimohanbhai.jpg
Gowdar Mallikarjunappa Siddeshwara@siddeshwaragowdarmallikarjunappa.jpg
M. Anjan Kumar Yadav@yadavmanjankumar.jpg
Kaushalendra Kumar@kumarkaushalendra.jpg
Mahabali Singh@singhmahabali.jpg
Shatrughan Prasad Sinha@sinhashatrughanprasad.jpg
Dharmendra Yadav@yadavdharmendra.jpg
Bhausaheb Wakchaure @wakchaurebhausaheb.jpg
Kunwar Rewati Raman Singh@singhkunwarrewatiraman.jpg
Manohar Tirkey@tirkeymanohar.jpg
Kalva Kuntla Chandrasekhar Rao@raokalvakuntlachandrasekhar.jpg
Kailash Joshi@joshikailash.jpg
Kabindra Purkayastha@purkayasthakabindra.jpg
Jagdish Singh Rana@ranajagdishsingh.jpg
Sanjay Sinh@chauhansanjaysingh.jpg
Kadir Rana@ranakadir.jpg
Rajnath Singh@singhrajnath.jpg
T.K.S. Elangovan@elangovantks.jpg
Rajan Sushant@sushantajan.jpg
Radhe Mohan Singh@singhradhemohan.jpg
Manicka Tagore@tagoremanicka.jpg
J. Shantha@shantha.jpg
Gurudas Dasgupta@dasguptagurudas.jpg
Laxman Tudu@tudulaxman.jpg
M. Mangapati Pallam Raju @rajumangapatipallam.jpg
Sathyanarayana Sarvey@sarveysathyanarayana.jpg
Krishna Tirath@tirathrishna.jpg
Sai Prathap Annayyagari@annayyagarisaiprathap.jpg
Marotrao Sainuji Kowase@kowasemarotraosainuji.jpg
Suresh Kashinath Taware @tawaresureshkashinath.jpg
Gajanan Dharmshi Babar @babargajanandharmshi.jpg
Sajjan Singh Verma@vermasajjansingh.jpg
Prataprao Ganpatrao Jadhav@jadhavpratapraoganpatrao.jpg
Y. S. Jagan Mohan Reddy@reddyysjaganmohan.jpg
E. T. Mohammed Basheer@basheeretmohammed.jpg
Rajiv Ranjan (Lalan) Singh@singhrajivranjanlalan.jpg
Suresh Kalmadi@kalmadisuresh.jpg
Rayapati Sambasiva Rao@raorayapatisambasiva.jpg
Chaudhary Lal Singh@singhchaudharylal.jpg
Anand Prakash Paranjpe@paranjpeanandprakash.jpg
Maulana Asrarul Haque Mohammad@mohammadmaulanaasrarulhaque.jpg
Ashwamedh Devi@devishwamedh.jpg
Jagadanand Singh@singhjagadanand.jpg
S. R. Jeyadurai@jeyaduraisr.jpg
S. Semmalai@semmalais.jpg
K. Sugumar@sugumark.jpg
O. S. Manian@manianos.jpg
Munisamy Thambidurai@thambiduraiunisamy.jpg
Kum. Agatha K. Sangma@sangmakumagathak.jpg
Harischandra Deoram Chavan@chavanharischandradeoram.jpg
Sachin Pilot@pilotsachin.jpg
Subodh Kant Sahai@sahaisubodhkant.jpg
Ramachandran Mullappally@mullappallyramachandran.jpg
Ram Sundar Das@dasramsundar.jpg
Jai Prakash Agarwal@agarwaljaiprakash.jpg
Bapi Raju Kanumuri@kanumuribapiraju.jpg
Datta Raghobaji Meghe@meghedattaraghobaji.jpg
Prof. Kuruppassery Varkey Thomas@thomasprofkuruppasseryvarkey.jpg
Shruti Choudhry@choudhryhruti.jpg
Raj Kumari Chauhan@chauhanajkumari.jpg
Prem Chand Guddu@guddupremchand.jpg
Jayant Chaudhary@chaudharyjayant.jpg
Rakesh Sachan@sachanrakesh.jpg
Ponnam Prabhakar@prabhakarponnam.jpg
Bal Kumar Patel@patelbalkumar.jpg
Kameshwar Baitha@baithakameshwar.jpg
Thangso Baite@baitethangso.jpg
C. L. Ruala@rualacl.jpg
Madhusudan Yadav@yadavmadhusudan.jpg
Anant Kumar Dattatreya Hegde@hegdeanantkumardattatreya.jpg
Aruna Kumar Vundavalli@vundavalliarunakumar.jpg
Amarnath Pradhan@pradhanamarnath.jpg
Pradeep Kumar Singh@singhpradeepkumar.jpg
Purnmasi Ram@rampurnmasi.jpg
Pulin Bihari Baske@baskeulinbihari.jpg
Makhansingh Solanki@solankimakhansingh.jpg
Dinesh Trivedi@trivedidinesh.jpg
Uday Pratap Singh@singhudaypratap.jpg
Pradeep Kumar Jain Aditya @jainadityapradeepkumar.jpg
Ashok Tanwar@tanwarashok.jpg
Jagdambika Pal @paljagdambika.jpg
Arvind Kumar Chaudhary@chaudharyarvindkumar.jpg
Suresh Kumar Shetkar@shetkarsureshkumar.jpg
Mahabal Mishra@mishramahabal.jpg
Shivkumar Chanabasappa Udasi@udasishivkumarchanabasappa.jpg
Komatireddy Raj Gopal Reddy@reddykomatireddyrajgopal.jpg
Rangaswamy Dhruvanarayana@dhruvanarayanarangaswamy.jpg
(Smt.) Prabha Kishor Taviad@taviadmtprabhakishor.jpg
Salman Khurshid@khurshidsalman.jpg
Harish Choudhary@choudharyharish.jpg
M. Krishnasswamy@krishnasswamym.jpg
Premdas Katheria@katheriapremdas.jpg
Ramkishun@ramkishun.jpg
Kamla Devi Patle@patleamladevi.jpg
Kamal Kishor@kishorkamal.jpg
Bhakta Charan Das@dasbhaktacharan.jpg
Prof. Saugata Roy@royprofsaugata.jpg
Rajendra Agrawal@agrawalrajendra.jpg
Ramesh Vishwanath Katti@kattirameshvishwanath.jpg
Sanjay Bhoi@bhoisanjay.jpg
Takam Sanjoy@takamsanjoy.jpg
Kirodilal Meena@meenairodilal.jpg
